,PLAYER,TEAM,G,AB,R,H,2B,3B,HR,RBI,BB,SO,SB,CS,AVG,OBP,SLG,OPS,year
0,Frank Robinson,CAL,147,534,85,142,29,0,30,97,82,93,1,1,.266,.372,.489,.861,1973
1,Orlando Cepeda,BOS,142,550,51,159,25,0,20,86,50,81,0,2,.289,.350,.444,.794,1973
2,Tony Oliva,MIN,146,571,63,166,20,0,16,92,45,44,2,1,.291,.345,.410,.755,1973
3,Carlos May,CWS,149,553,62,148,20,0,20,96,53,73,8,6,.268,.334,.412,.746,1973
4,Tommy Davis,BAL,137,552,53,169,20,3,7,89,30,56,11,3,.306,.341,.391,.732,1973
5,Deron Johnson,OAK,143,500,64,120,16,2,20,86,64,126,0,1,.240,.326,.400,.726,1973
6,Alex Johnson,TEX,158,624,62,179,26,3,8,68,32,82,10,5,.287,.322,.377,.699,1973
0,Billy Williams,OAK,155,520,68,127,20,1,23,81,76,68,0,0,.244,.341,.419,.760,1975
1,Willie Horton,DET,159,615,62,169,13,1,25,92,44,109,1,2,.275,.319,.421,.740,1975
2,Tony Oliva,MIN,131,455,46,123,10,0,13,58,41,45,0,1,.270,.344,.378,.722,1975
3,Hank Aaron,MIL,137,465,45,109,16,2,12,60,70,51,0,1,.234,.332,.355,.687,1975
0,Hal McRae,KC,149,527,75,175,34,5,8,73,64,43,22,12,.332,.407,.461,.868,1976
1,Rico Carty,CLE,152,552,67,171,34,0,13,83,67,45,1,1,.310,.379,.442,.821,1976
2,Tom Grieve,TEX,149,546,57,139,23,3,20,81,35,119,4,1,.255,.301,.418,.719,1976
0,Jim Rice,BOS,160,644,104,206,29,15,39,114,53,120,5,4,.320,.376,.593,.969,1977
1,Hal McRae,KC,162,641,104,191,54,11,21,92,59,43,18,14,.298,.366,.515,.881,1977
2,Ron Fairly,TOR,132,458,60,128,24,2,19,64,58,58,0,4,.279,.362,.465,.827,1977
3,Eddie Murray,BAL,160,611,81,173,29,2,27,88,48,104,0,1,.283,.333,.470,.803,1977
4,Rico Carty,CLE,127,461,50,129,23,1,15,80,56,51,1,2,.280,.355,.432,.787,1977
5,Rusty Staub,DET,158,623,84,173,34,3,22,101,59,47,1,1,.278,.336,.448,.784,1977
6,Don Baylor,CAL,154,561,87,141,27,0,25,75,62,76,26,12,.251,.334,.433,.767,1977
7,Willie Horton,TEX,140,523,55,151,23,3,15,75,42,117,2,3,.289,.337,.430,.767,1977
0,Rico Carty,OAK,145,528,70,149,21,1,31,99,57,57,1,1,.282,.348,.502,.850,1978
1,Don Baylor,CAL,158,591,103,151,26,0,34,99,56,71,22,9,.255,.332,.472,.804,1978
2,Rusty Staub,DET,162,642,75,175,30,1,24,121,76,35,3,1,.273,.347,.435,.782,1978
3,Richie Zisk,TEX,140,511,68,134,19,1,22,85,58,76,3,3,.262,.338,.432,.770,1978
4,Hal McRae,KC,156,623,90,170,39,5,16,72,51,62,17,8,.273,.329,.429,.758,1978
5,Lee May,BAL,148,556,56,137,16,1,25,80,31,110,5,2,.246,.286,.414,.700,1978
0,Carl Yastrzemski,BOS,147,518,69,140,28,1,21,87,62,46,3,3,.270,.346,.450,.796,1979
1,Willie Horton,SEA,162,646,77,180,19,5,29,106,42,112,1,1,.279,.326,.458,.784,1979
2,Rico Carty,TOR,132,461,48,118,26,0,12,55,46,45,3,1,.256,.322,.390,.712,1979
3,Mitchell Page,OAK,133,478,51,118,11,2,9,42,52,93,17,16,.247,.323,.335,.658,1979
0,Hal McRae,KC,124,489,73,145,39,5,14,83,29,56,10,2,.297,.342,.483,.825,1980
0,Richie Zisk,SEA,94,357,42,111,12,1,16,43,28,63,0,2,.311,.366,.485,.851,1981
1,Greg Luzinski,CWS,104,378,55,100,15,1,21,62,58,80,0,0,.265,.365,.476,.841,1981
2,Al Oliver,TEX,102,421,53,130,29,1,4,55,24,28,3,0,.309,.348,.411,.759,1981
3,Don Baylor,CAL,103,377,52,90,18,1,17,66,42,51,3,3,.239,.322,.427,.749,1981
4,Hal McRae,KC,101,389,38,106,23,2,7,36,34,33,3,4,.272,.330,.396,.726,1981
5,Carl Yastrzemski,BOS,91,338,36,83,14,1,7,53,49,28,0,1,.246,.338,.355,.693,1981
0,Hal McRae,KC,159,613,91,189,46,8,27,133,55,61,4,4,.308,.369,.542,.911,1982
1,Andre Thornton,CLE,161,589,90,161,26,1,32,116,109,81,6,7,.273,.386,.484,.870,1982
2,Greg Luzinski,CWS,159,583,87,170,37,1,18,102,89,120,1,1,.292,.386,.451,.837,1982
3,Richie Zisk,SEA,131,503,61,147,28,1,21,62,49,89,2,1,.292,.354,.477,.831,1982
4,Carl Yastrzemski,BOS,131,459,53,126,22,1,16,72,59,50,0,1,.275,.358,.431,.789,1982
5,Don Baylor,CAL,157,608,80,160,24,1,24,93,57,69,10,4,.263,.329,.424,.753,1982
6,Ken Singleton,BAL,156,561,71,141,27,2,14,77,86,93,0,1,.251,.349,.381,.730,1982
0,Don Baylor,NYY,144,534,82,162,33,3,21,85,40,53,17,7,.303,.361,.494,.855,1983
1,Greg Luzinski,CWS,144,502,73,128,26,1,32,95,70,117,2,1,.255,.352,.502,.854,1983
2,Hal McRae,KC,157,589,84,183,41,6,12,82,50,68,2,3,.311,.372,.462,.834,1983
3,Ken Singleton,BAL,151,507,52,140,21,3,18,84,99,83,0,2,.276,.393,.436,.829,1983
4,Andre Thornton,CLE,141,508,78,143,27,1,17,77,87,72,4,2,.281,.383,.439,.822,1983
0,Mike Easler,BOS,156,601,87,188,31,5,27,91,58,134,1,1,.313,.376,.516,.892,1984
1,Andre Thornton,CLE,155,587,91,159,26,0,33,99,91,79,6,5,.271,.366,.484,.850,1984
2,Don Baylor,NYY,134,493,84,129,29,1,27,89,38,68,1,1,.262,.341,.489,.830,1984
3,Dave Kingman,OAK,147,549,68,147,23,1,35,118,44,119,2,1,.268,.321,.505,.826,1984
4,Reggie Jackson,CAL,143,525,67,117,17,2,25,81,55,141,8,4,.223,.300,.406,.706,1984
5,Ted Simmons,MIL,132,497,44,110,23,2,4,52,30,40,3,0,.221,.269,.300,.569,1984
0,Gorman Thomas,SEA,135,484,76,104,16,1,32,87,84,126,3,2,.215,.330,.450,.780,1985
1,Don Baylor,NYY,142,477,70,110,24,1,23,91,52,90,0,4,.231,.330,.430,.760,1985
2,Ted Simmons,MIL,143,528,60,144,28,2,12,76,57,32,1,1,.273,.342,.402,.744,1985
3,Mike Easler,BOS,155,568,71,149,29,4,16,74,53,129,0,1,.262,.325,.412,.737,1985
4,Dave Kingman,OAK,158,592,66,141,16,0,30,91,62,114,3,2,.238,.309,.417,.726,1985
5,Andre Thornton,CLE,124,461,49,109,13,0,22,88,47,75,3,2,.236,.304,.408,.712,1985
0,Larry Parrish,TEX,129,464,67,128,22,1,28,94,52,114,3,1,.276,.347,.509,.856,1986
1,Mike Easler,NYY,146,490,64,148,26,2,14,78,49,87,3,2,.302,.362,.449,.811,1986
2,Reggie Jackson,CAL,132,419,65,101,12,2,18,58,92,115,1,1,.241,.379,.408,.787,1986
3,Don Baylor,BOS,160,585,93,139,23,1,31,94,62,111,3,5,.238,.344,.439,.783,1986
4,Roy Smalley,MIN,143,459,59,113,20,4,20,57,68,80,1,3,.246,.342,.438,.780,1986
5,Dave Kingman,OAK,144,561,70,118,19,0,35,94,33,126,3,3,.210,.255,.431,.686,1986
0,Paul Molitor,MIL,118,465,114,164,41,5,16,75,69,67,45,10,.353,.438,.566,1.004,1987
1,Brian Downing,CAL,155,567,110,154,29,3,29,77,106,85,5,5,.272,.400,.487,.887,1987
2,Harold Baines,CWS,132,505,59,148,26,4,20,93,46,82,0,0,.293,.352,.479,.831,1987
3,Larry Parrish,TEX,152,557,79,149,22,1,32,100,49,154,3,1,.268,.328,.483,.811,1987
0,Jack Clark,NYY,150,496,81,120,14,0,27,93,113,141,3,2,.242,.381,.433,.814,1988
1,Brian Downing,CAL,135,484,80,117,18,2,25,64,81,63,3,4,.242,.362,.442,.804,1988
2,Harold Baines,CWS,158,599,55,166,39,1,13,81,67,109,0,0,.277,.347,.411,.758,1988
3,Gene Larkin,MIN,149,505,56,135,30,2,8,70,68,55,3,2,.267,.368,.382,.750,1988
4,Jim Rice,BOS,135,485,57,128,18,3,15,72,48,89,1,1,.264,.330,.406,.736,1988
5,Larry Sheets,BAL,136,452,38,104,19,1,10,47,42,72,1,6,.230,.302,.343,.645,1988
0,Harold Baines,TEX,146,505,73,156,29,1,16,72,73,79,0,3,.309,.395,.465,.860,1989
1,Brian Downing,CAL,142,544,59,154,25,2,14,59,56,87,0,2,.283,.354,.414,.768,1989
2,Dave Parker,OAK,144,553,56,146,27,0,22,97,38,91,0,0,.264,.308,.432,.740,1989
3,Jeffrey Leonard,SEA,150,566,69,144,20,1,24,93,38,125,6,1,.254,.301,.420,.721,1989
0,Alvin Davis,SEA,140,494,63,140,21,0,17,68,85,68,0,2,.283,.387,.429,.816,1990
1,Chris James,CLE,140,528,62,158,32,4,12,70,31,71,4,3,.299,.341,.443,.784,1990
2,Dave Parker,MIL,157,610,71,176,30,3,21,92,41,102,4,7,.289,.330,.451,.781,1990
3,Dwight Evans,BOS,123,445,66,111,18,3,13,63,67,73,3,4,.249,.349,.391,.740,1990
4,Gerald Perry,KC,133,465,57,118,22,2,8,57,39,56,17,4,.254,.313,.361,.674,1990
0,Frank Thomas,CWS,158,559,104,178,31,2,32,109,138,112,1,2,.318,.453,.553,1.006,1991
1,Chili Davis,MIN,153,534,84,148,34,1,29,93,95,117,5,6,.277,.385,.507,.892,1991
2,Paul Molitor,MIL,158,665,133,216,32,13,17,75,77,62,19,8,.325,.399,.489,.888,1991
3,Harold Baines,OAK,141,488,76,144,25,1,20,90,72,67,0,1,.295,.383,.473,.856,1991
4,Jack Clark,BOS,140,481,75,120,18,1,28,87,96,133,0,2,.249,.374,.466,.840,1991
5,George Brett,KC,131,505,77,129,40,2,10,61,58,75,2,0,.255,.327,.402,.729,1991
6,Kevin Maas,NYY,148,500,69,110,14,1,23,63,83,128,5,1,.220,.333,.390,.723,1991
7,Dave Parker,TOR,132,502,47,120,26,2,11,59,33,98,3,3,.239,.288,.365,.653,1991
8,Alvin Davis,SEA,145,462,39,102,15,1,12,69,56,78,0,3,.221,.299,.335,.634,1991
0,Dave Winfield,TOR,156,583,92,169,33,3,26,108,82,89,2,3,.290,.377,.491,.868,1992
1,Paul Molitor,MIL,158,609,89,195,36,7,12,89,73,66,31,6,.320,.389,.461,.850,1992
2,Chili Davis,MIN,138,444,63,128,27,2,12,66,73,76,4,5,.288,.386,.439,.825,1992
3,Albert Belle,CLE,153,585,81,152,23,1,34,112,52,128,8,2,.260,.320,.477,.797,1992
4,George Brett,KC,152,592,55,169,35,5,7,61,35,69,8,6,.285,.330,.397,.727,1992
5,Harold Baines,OAK,140,478,58,121,18,0,16,76,59,61,1,3,.253,.331,.391,.722,1992
6,George Bell,CWS,155,627,74,160,27,0,25,112,31,97,5,2,.255,.294,.418,.712,1992
0,Paul Molitor,TOR,160,636,121,211,37,5,22,111,77,71,22,4,.332,.402,.509,.911,1993
1,Danny Tartabull,NYY,138,513,87,128,33,2,31,102,92,156,0,0,.250,.363,.503,.866,1993
2,Julio Franco,TEX,144,532,85,154,31,3,14,84,62,95,9,3,.289,.360,.438,.798,1993
3,Chili Davis,CAL,153,573,74,139,32,0,27,112,71,135,4,1,.243,.327,.440,.767,1993
4,Dave Winfield,MIN,143,547,72,148,27,2,21,76,45,106,2,3,.271,.325,.442,.767,1993
5,George Brett,KC,145,560,69,149,31,3,19,75,39,67,7,5,.266,.312,.434,.746,1993
0,Bob Hamelin,KC,101,312,64,88,25,1,24,65,56,62,4,3,.282,.388,.599,.987,1994
1,Chili Davis,CAL,108,392,72,122,18,1,26,84,69,84,3,2,.311,.410,.561,.971,1994
2,Jose Canseco,TEX,111,429,88,121,19,2,31,90,69,114,15,8,.282,.386,.552,.938,1994
3,Paul Molitor,TOR,115,454,86,155,30,4,14,75,55,48,20,0,.341,.410,.518,.928,1994
4,Julio Franco,CWS,112,433,72,138,19,2,20,98,62,75,8,1,.319,.406,.510,.916,1994
5,Kirk Gibson,DET,98,330,71,91,17,2,23,72,42,69,4,5,.276,.358,.548,.906,1994
6,Geronimo Berroa,OAK,96,340,55,104,18,2,13,65,41,62,7,2,.306,.379,.485,.864,1994
7,Harold Baines,BAL,94,326,44,96,12,1,16,54,30,49,0,0,.294,.356,.485,.841,1994
8,Danny Tartabull,NYY,104,399,68,102,24,1,19,67,66,111,1,1,.256,.360,.464,.824,1994
9,Eddie Murray,CLE,108,433,57,110,21,1,17,76,31,53,8,4,.254,.302,.425,.727,1994
0,Edgar Martinez,SEA,145,511,121,182,52,0,29,113,116,87,4,3,.356,.479,.628,1.107,1995
1,Harold Baines,BAL,127,385,60,115,19,1,24,63,70,45,0,2,.299,.403,.540,.943,1995
2,Chili Davis,CAL,119,424,81,135,23,0,20,86,89,79,3,3,.318,.429,.514,.943,1995
3,Jose Canseco,BOS,102,396,64,121,25,1,24,81,42,93,4,0,.306,.378,.556,.934,1995
4,Eddie Murray,CLE,113,436,68,141,21,0,21,82,39,65,5,1,.323,.375,.516,.891,1995
5,Geronimo Berroa,OAK,141,546,87,152,22,3,22,88,63,98,7,4,.278,.351,.451,.802,1995
6,Paul Molitor,TOR,130,525,63,142,31,2,15,60,61,57,12,0,.270,.350,.423,.773,1995
7,Ruben Sierra,NYY,126,479,73,126,32,0,19,86,46,76,5,4,.263,.323,.449,.772,1995
8,Greg Vaughn,MIL,108,392,67,88,19,1,17,59,55,89,10,4,.224,.317,.408,.725,1995
0,Edgar Martinez,SEA,139,499,121,163,52,2,26,103,123,84,3,3,.327,.464,.595,1.059,1996
1,Harold Baines,CWS,143,495,80,154,29,0,22,95,73,62,3,1,.311,.399,.503,.902,1996
2,Chili Davis,CAL,145,530,73,155,24,0,28,95,86,99,5,2,.292,.387,.496,.883,1996
3,Kevin Seitzer,CLE,154,573,85,187,35,3,13,78,87,79,6,1,.326,.416,.466,.882,1996
4,Geronimo Berroa,OAK,153,586,101,170,32,1,36,106,47,122,0,3,.290,.344,.532,.876,1996
5,Paul Molitor,MIN,161,660,99,225,41,8,9,113,56,72,18,6,.341,.390,.468,.858,1996
6,Carlos Delgado,TOR,138,488,68,132,28,2,25,92,58,139,0,0,.270,.353,.490,.843,1996
7,Cecil Fielder,NYY,160,591,85,149,20,0,39,117,87,139,2,0,.252,.350,.484,.834,1996
8,Mickey Tettleton,TEX,143,491,78,121,26,1,24,83,95,137,2,1,.246,.366,.450,.816,1996
9,Eddie Murray,BAL,152,566,69,147,21,1,22,79,61,87,4,0,.260,.327,.417,.744,1996
0,Edgar Martinez,SEA,155,542,104,179,35,1,28,108,119,86,2,4,.330,.456,.554,1.010,1997
1,Juan Gonzalez,TEX,133,533,87,158,24,3,42,131,33,107,0,0,.296,.335,.589,.924,1997
2,Chili Davis,KC,140,477,71,133,20,0,30,90,85,96,6,3,.279,.386,.509,.895,1997
3,Harold Baines,BAL,137,452,55,136,23,0,16,67,55,62,0,1,.301,.375,.458,.833,1997
4,Reggie Jefferson,BOS,136,489,74,156,33,1,13,67,24,93,1,2,.319,.358,.470,.828,1997
5,Paul Molitor,MIN,135,538,63,164,32,4,10,89,45,73,11,4,.305,.351,.435,.786,1997
6,Rickey Henderson,ANA,120,403,84,100,14,0,8,34,97,85,45,8,.248,.400,.342,.742,1997
7,Julio Franco,MIL,120,430,68,116,16,1,7,44,69,116,15,6,.270,.369,.360,.729,1997
8,Joe Carter,TOR,157,612,76,143,30,4,21,102,40,105,8,2,.234,.284,.399,.683,1997
0,Edgar Martinez,SEA,154,556,86,179,46,1,29,102,106,96,1,1,.322,.429,.565,.994,1998
1,Tim Salmon,ANA,136,463,84,139,28,1,26,88,90,100,0,1,.300,.410,.533,.943,1998
2,Matt Stairs,OAK,149,523,88,154,33,1,26,106,59,93,8,3,.294,.370,.511,.881,1998
3,Frank Thomas,CWS,160,585,109,155,35,2,29,109,110,93,7,0,.265,.381,.480,.861,1998
4,Mike Stanley,BOS,145,497,74,127,25,0,29,79,82,129,3,1,.256,.364,.481,.845,1998
5,David Justice,CLE,146,540,94,151,39,2,21,88,76,98,9,3,.280,.363,.476,.839,1998
6,Jose Canseco,TOR,151,583,98,138,26,0,46,107,65,159,29,17,.237,.318,.518,.836,1998
7,Paul Molitor,MIN,126,502,75,141,29,5,4,69,45,41,9,2,.281,.335,.382,.717,1998
0,Rafael Palmeiro,TEX,158,565,96,183,30,1,47,148,97,69,2,4,.324,.420,.630,1.050,1999
1,Edgar Martinez,SEA,142,502,86,169,35,1,24,86,97,99,7,2,.337,.447,.554,1.001,1999
2,John Jaha,OAK,142,457,93,126,23,0,35,111,101,129,2,0,.276,.414,.556,.970,1999
3,Jose Canseco,TB,113,430,75,120,18,1,34,95,58,135,3,0,.279,.369,.563,.932,1999
4,Frank Thomas,CWS,135,486,74,148,36,0,15,77,87,66,3,3,.305,.414,.471,.885,1999
5,Chili Davis,NYY,146,476,59,128,25,1,19,78,73,100,4,1,.269,.366,.445,.811,1999
0,Frank Thomas,CWS,159,582,115,191,44,0,43,143,112,94,1,3,.328,.436,.625,1.061,2000
1,Edgar Martinez,SEA,153,556,100,180,31,0,37,145,96,95,3,0,.324,.423,.579,1.002,2000
2,Brad Fullmer,TOR,133,482,76,142,29,1,32,104,30,68,3,1,.295,.340,.558,.898,2000
3,Dante Bichette,BOS,155,575,80,169,32,2,23,90,49,91,5,2,.294,.350,.477,.827,2000
0,Manny Ramirez,BOS,142,529,93,162,33,2,41,125,81,147,0,1,.306,.405,.609,1.014,2001
1,Edgar Martinez,SEA,132,470,80,144,40,1,23,116,93,90,4,1,.306,.423,.543,.966,2001
2,Ellis Burks,CLE,124,439,83,123,29,1,28,74,62,85,5,1,.280,.369,.542,.911,2001
3,Brad Fullmer,TOR,146,522,71,143,31,2,18,83,38,88,5,2,.274,.326,.444,.770,2001
4,Greg Vaughn,TB,136,485,74,113,25,0,24,82,71,130,11,5,.233,.333,.433,.766,2001
5,Tony Batista,BAL,156,579,70,138,27,6,25,87,32,113,5,2,.238,.280,.435,.715,2001
0,Ellis Burks,CLE,138,518,92,156,28,0,32,91,44,108,2,3,.301,.362,.541,.903,2002
1,Frank Thomas,CWS,148,523,77,132,29,1,28,92,88,115,3,0,.252,.361,.472,.833,2002
2,Ray Durham,OAK,150,564,114,163,34,6,15,70,73,93,26,7,.289,.374,.450,.824,2002
3,Randall Simon,DET,130,482,51,145,17,1,19,82,13,30,0,1,.301,.320,.459,.779,2002
0,David Ortiz,BOS,128,448,79,129,39,2,31,101,58,83,0,0,.288,.369,.592,.961,2003
1,Frank Thomas,CWS,153,546,87,146,35,0,42,105,100,115,0,0,.267,.390,.562,.952,2003
2,Dmitri Young,DET,155,562,78,167,34,7,29,85,58,130,2,1,.297,.372,.537,.909,2003
3,Edgar Martinez,SEA,145,497,72,146,25,0,24,98,92,95,0,1,.294,.406,.489,.895,2003
4,Rafael Palmeiro,TEX,154,561,92,146,21,2,38,112,84,77,2,0,.260,.359,.508,.867,2003
5,Erubiel Durazo,OAK,154,537,92,139,29,0,21,77,100,105,1,1,.259,.374,.430,.804,2003
0,Travis Hafner,CLE,140,482,96,150,41,3,28,109,68,111,3,2,.311,.410,.583,.993,2004
1,David Ortiz,BOS,150,582,94,175,47,3,41,139,75,133,0,0,.301,.380,.603,.983,2004
2,Erubiel Durazo,OAK,142,511,80,164,35,1,22,88,56,104,3,2,.321,.396,.523,.919,2004
3,Edgar Martinez,SEA,141,486,45,128,23,0,12,63,58,107,1,0,.263,.342,.385,.727,2004
0,Travis Hafner,CLE,137,486,94,148,42,0,33,108,79,123,0,0,.305,.408,.595,1.003,2005
1,David Ortiz,BOS,159,601,119,180,40,1,47,148,102,124,1,0,.300,.397,.604,1.001,2005
2,David Dellucci,TEX,128,435,97,109,17,5,29,65,76,121,5,3,.251,.367,.513,.880,2005
3,Mike Sweeney,KC,122,470,63,141,39,0,21,83,33,61,3,0,.300,.347,.517,.864,2005
4,Dmitri Young,DET,126,469,61,127,25,3,21,72,29,100,1,0,.271,.325,.471,.796,2005
5,Raul Ibanez,SEA,162,614,92,172,32,2,20,89,71,99,9,4,.280,.355,.436,.791,2005
6,Carl Everett,CWS,135,490,58,123,17,2,23,87,42,99,4,5,.251,.311,.435,.746,2005
7,Scott Hatteberg,OAK,134,464,52,119,19,0,7,59,51,54,0,1,.256,.334,.343,.677,2005
0,Travis Hafner,CLE,129,454,100,140,31,1,42,117,100,111,0,0,.308,.439,.659,1.098,2006
1,David Ortiz,BOS,151,558,115,160,29,2,54,137,119,117,1,0,.287,.413,.636,1.049,2006
2,Jim Thome,CWS,143,490,108,141,26,0,42,109,107,147,0,0,.288,.416,.598,1.014,2006
3,Jason Giambi,NYY,139,446,92,113,25,0,37,113,110,106,2,0,.253,.413,.558,.971,2006
4,Frank Thomas,OAK,137,466,77,126,11,0,39,114,81,81,0,0,.270,.381,.545,.926,2006
0,David Ortiz,BOS,149,549,116,182,52,1,35,117,111,103,3,1,.332,.445,.621,1.066,2007
1,Jim Thome,CWS,130,432,79,119,19,0,35,96,95,134,0,1,.275,.410,.563,.973,2007
2,Jack Cust,OAK,124,395,61,101,18,1,26,82,105,164,0,2,.256,.408,.504,.912,2007
3,Frank Thomas,TOR,155,531,63,147,30,0,26,95,81,94,0,0,.277,.377,.480,.857,2007
4,Gary Sheffield,DET,133,494,107,131,20,1,25,75,84,71,22,5,.265,.378,.462,.840,2007
5,Travis Hafner,CLE,152,545,80,145,25,2,24,100,102,115,1,1,.266,.385,.451,.836,2007
6,Aubrey Huff,BAL,151,550,68,154,34,5,15,72,48,87,1,1,.280,.337,.442,.779,2007
7,Jose Vidro,SEA,147,548,78,172,26,0,6,59,63,57,0,0,.314,.381,.394,.775,2007
8,Johnny Damon,NYY,141,533,93,144,27,2,12,63,66,79,27,3,.270,.351,.396,.747,2007
0,Milton Bradley,TEX,126,414,78,133,32,1,22,77,80,112,5,3,.321,.436,.563,.999,2008
1,Aubrey Huff,BAL,154,598,96,182,48,2,32,108,53,89,4,0,.304,.360,.552,.912,2008
2,Jim Thome,CWS,149,503,93,123,28,0,34,90,91,147,1,0,.245,.362,.503,.865,2008
3,Jason Kubel,MIN,141,463,74,126,22,5,20,78,47,91,0,1,.272,.335,.471,.806,2008
0,Adam Lind,TOR,151,587,93,179,46,0,35,114,58,110,1,1,.305,.370,.562,.932,2009
1,Jason Kubel,MIN,146,514,73,154,35,2,28,103,56,106,1,1,.300,.369,.539,.908,2009
2,Hideki Matsui,NYY,142,456,62,125,21,1,28,90,64,75,0,1,.274,.367,.509,.876,2009
3,Luke Scott,BAL,128,449,61,116,26,1,25,77,55,104,0,0,.258,.340,.488,.828,2009
4,David Ortiz,BOS,150,541,77,129,35,1,28,99,74,134,0,2,.238,.332,.462,.794,2009
5,Jack Cust,OAK,149,513,88,123,16,0,25,70,93,185,4,1,.240,.356,.417,.773,2009
6,Aubrey Huff,DET,150,536,59,129,30,1,15,85,51,87,0,6,.241,.310,.384,.694,2009
0,Luke Scott,BAL,131,447,70,127,29,1,27,72,59,98,2,0,.284,.368,.535,.903,2010
1,David Ortiz,BOS,145,518,86,140,36,1,32,102,82,145,0,1,.270,.370,.529,.899,2010
2,Vladimir Guerrero,TEX,152,593,83,178,27,1,29,115,35,60,4,5,.300,.345,.496,.841,2010
3,Hideki Matsui,LAA,145,482,55,132,24,1,21,84,67,98,0,1,.274,.361,.459,.820,2010
4,Johnny Damon,DET,145,539,81,146,36,5,8,51,69,90,11,1,.271,.355,.401,.756,2010
5,Adam Lind,TOR,150,569,57,135,32,3,23,72,38,144,0,0,.237,.287,.425,.712,2010
0,David Ortiz,BOS,146,525,84,162,40,1,29,96,78,83,1,1,.309,.398,.554,.952,2011
1,Michael Young,TEX,159,631,88,213,41,6,11,106,47,78,6,2,.338,.380,.474,.854,2011
2,Victor Martinez,DET,145,540,76,178,40,0,12,103,46,51,1,0,.330,.380,.470,.850,2011
3,Billy Butler,KC,159,597,74,174,44,0,19,95,66,95,2,1,.291,.361,.461,.822,2011
4,Edwin Encarnación,TOR,134,481,70,131,36,0,17,55,43,77,8,2,.272,.334,.453,.787,2011
5,Johnny Damon,TB,150,582,79,152,29,7,16,73,51,92,19,6,.261,.326,.418,.744,2011
6,Vladimir Guerrero,BAL,145,562,60,163,30,1,13,63,17,56,2,2,.290,.317,.416,.733,2011
7,Bobby Abreu,LAA,142,502,54,127,30,1,8,60,78,113,21,5,.253,.353,.365,.718,2011
8,Hideki Matsui,OAK,141,517,58,130,28,0,12,72,56,84,1,1,.251,.321,.375,.696,2011
0,Edwin Encarnación,TOR,151,542,93,152,24,0,42,110,84,94,13,3,.280,.384,.557,.941,2012
1,Billy Butler,KC,161,614,72,192,32,1,29,107,54,111,2,1,.313,.373,.510,.883,2012
2,Chris Davis,BAL,139,515,75,139,20,0,33,85,37,169,2,3,.270,.326,.501,.827,2012
3,Adam Dunn,CWS,151,539,87,110,19,0,41,96,105,222,2,1,.204,.333,.468,.801,2012
4,Kendrys Morales,LAA,134,484,61,132,26,1,22,73,31,116,0,1,.273,.320,.467,.787,2012
5,Delmon Young,DET,151,574,54,153,27,1,18,74,20,112,0,2,.267,.296,.411,.707,2012
6,Jesus Montero,SEA,135,515,46,134,20,0,15,62,29,99,0,2,.260,.298,.386,.684,2012
7,Michael Young,TEX,156,611,79,169,27,3,8,67,33,70,2,2,.277,.312,.370,.682,2012
0,David Ortiz,BOS,137,518,84,160,38,2,30,103,76,88,4,0,.309,.395,.564,.959,2013
1,Billy Butler,KC,162,582,62,168,27,0,15,82,79,102,0,0,.289,.374,.412,.786,2013
2,Victor Martinez,DET,159,605,68,182,36,0,14,83,54,62,0,2,.301,.355,.430,.785,2013
3,Kendrys Morales,SEA,156,602,64,167,34,0,23,80,49,114,0,0,.277,.336,.449,.785,2013
4,Adam Dunn,CWS,149,525,60,115,15,0,34,86,76,189,1,1,.219,.320,.442,.762,2013
5,Ryan Doumit,MIN,135,485,49,120,28,1,14,55,48,99,1,0,.247,.314,.396,.710,2013
0,Victor Martinez,DET,151,561,87,188,33,0,32,103,70,42,3,2,.335,.409,.565,.974,2014
1,David Ortiz,BOS,142,518,59,136,27,0,35,104,75,95,0,0,.263,.355,.517,.872,2014
2,Nelson Cruz,BAL,159,613,87,166,32,2,40,108,55,140,4,5,.271,.333,.525,.858,2014
3,Chris Carter,HOU,145,507,68,115,21,1,37,88,56,182,5,2,.227,.308,.491,.799,2014
4,Adam Dunn,OAK,131,429,49,94,18,0,22,64,71,159,1,1,.219,.337,.415,.752,2014
5,Billy Butler,KC,151,549,57,149,32,0,9,66,41,96,0,0,.271,.323,.379,.702,2014
0,Edwin Encarnación,TOR,146,528,94,146,31,0,39,111,77,98,3,2,.277,.372,.557,.929,2015
1,David Ortiz,BOS,146,528,73,144,37,0,37,108,77,95,0,1,.273,.360,.553,.913,2015
2,Kendrys Morales,KC,158,569,81,165,41,2,22,106,58,103,0,0,.290,.362,.485,.847,2015
3,Alex Rodriguez,NYY,151,523,83,131,22,1,33,86,84,145,4,0,.250,.356,.486,.842,2015
4,Prince Fielder,TEX,158,613,78,187,28,0,23,98,64,88,0,0,.305,.378,.463,.841,2015
5,Evan Gattis,HOU,153,566,66,139,20,11,27,88,30,119,0,1,.246,.285,.463,.748,2015
6,Billy Butler,OAK,151,538,63,135,28,1,15,65,52,101,0,0,.251,.323,.390,.713,2015
0,David Ortiz,BOS,151,537,79,169,48,1,38,127,80,86,2,0,.315,.401,.620,1.021,2016
1,Nelson Cruz,SEA,155,589,96,169,27,1,43,105,62,159,2,0,.287,.360,.555,.915,2016
2,Edwin Encarnación,TOR,160,601,99,158,34,0,42,127,87,138,2,0,.263,.357,.529,.886,2016
3,Carlos Santana,CLE,158,582,89,151,31,3,34,87,99,99,5,2,.259,.366,.498,.864,2016
4,Carlos Beltrán,TEX,151,552,73,163,33,0,29,93,35,101,1,0,.295,.337,.513,.850,2016
5,Victor Martinez,DET,154,553,65,160,22,0,27,86,50,90,0,0,.289,.351,.476,.827,2016
6,Kendrys Morales,KC,154,558,65,147,24,0,30,93,48,120,0,0,.263,.327,.468,.795,2016
7,Albert Pujols,LAA,152,593,71,159,19,0,31,119,49,75,4,0,.268,.323,.457,.780,2016
0,Nelson Cruz,SEA,155,556,91,160,28,0,39,119,70,140,1,1,.288,.375,.549,.924,2017
1,Edwin Encarnación,CLE,157,554,96,143,20,1,38,107,104,133,2,0,.258,.377,.504,.881,2017
2,Ryon Healy,OAK,149,576,66,156,29,0,25,78,23,142,0,1,.271,.302,.451,.753,2017
3,Kendrys Morales,TOR,150,557,67,139,25,0,28,85,43,132,0,0,.250,.308,.445,.753,2017
4,Hanley Ramirez,BOS,133,496,58,120,24,0,23,62,51,116,1,3,.242,.320,.429,.749,2017
5,Mark Trumbo,BAL,146,559,79,131,22,0,23,65,42,149,1,0,.234,.289,.397,.686,2017
6,Albert Pujols,LAA,149,593,53,143,17,0,23,101,37,93,3,0,.241,.286,.386,.672,2017
7,Carlos Beltrán,HOU,129,467,60,108,29,0,14,51,33,102,0,0,.231,.283,.383,.666,2017
0,J.D. Martinez,BOS,150,569,111,188,37,2,43,130,69,146,6,1,.330,.402,.629,1.031,2018
1,Khris Davis,OAK,151,576,98,142,28,1,48,123,59,175,0,0,.247,.326,.549,.875,2018
2,Giancarlo Stanton,NYY,158,617,102,164,34,1,38,100,70,211,5,0,.266,.343,.509,.852,2018
3,Nelson Cruz,SEA,144,519,70,133,18,1,37,97,55,122,1,0,.256,.342,.509,.851,2018
4,C.J. Cron,TB,140,501,68,127,28,1,30,74,37,145,1,2,.253,.323,.493,.816,2018
5,Shin-Soo Choo,TEX,146,560,83,148,30,1,21,62,92,156,6,1,.264,.377,.434,.811,2018
6,Edwin Encarnación,CLE,137,500,74,123,16,1,32,107,63,132,3,0,.246,.336,.474,.810,2018
7,Victor Martinez,DET,133,467,32,117,21,0,9,54,32,49,0,0,.251,.297,.353,.650,2018
0,Nelson Cruz,MIN,120,454,81,141,26,0,41,108,56,131,0,1,.311,.392,.639,1.031,2019
1,J.D. Martinez,BOS,146,575,98,175,33,2,36,105,72,138,2,0,.304,.383,.557,.940,2019
2,Jorge Soler,KC,162,589,95,156,33,1,48,117,73,178,3,1,.265,.354,.569,.923,2019
3,Shin-Soo Choo,TEX,151,563,93,149,31,2,24,61,78,165,15,1,.265,.371,.455,.826,2019
4,Franmil Reyes,CLE,150,494,69,123,19,0,37,81,47,156,0,0,.249,.310,.512,.822,2019
5,Daniel Vogelbach,SEA,144,462,73,96,17,0,30,76,92,149,0,0,.208,.341,.439,.780,2019
6,Renato Núñez,BAL,151,541,72,132,24,0,31,90,44,143,1,1,.244,.311,.460,.771,2019
7,Miguel Cabrera,DET,136,493,41,139,21,0,12,59,48,108,0,0,.282,.346,.398,.744,2019
8,Khris Davis,OAK,133,481,61,106,11,0,23,73,47,146,0,0,.220,.293,.387,.680,2019
0,Marcell Ozuna,ATL,60,228,38,77,14,0,18,56,38,60,0,0,.338,.431,.636,1.067,2020
1,Nelson Cruz,MIN,53,185,33,56,6,0,16,33,25,58,0,0,.303,.397,.595,.992,2020
2,Michael Brantley,HOU,46,170,24,51,15,0,5,22,17,28,2,0,.300,.364,.476,.840,2020
3,Wilmer Flores,SF,55,198,30,53,11,1,12,32,13,36,1,0,.268,.315,.515,.830,2020
4,Colin Moran,PIT,52,178,28,44,10,0,10,23,19,52,0,0,.247,.325,.472,.797,2020
5,Mark Canha,OAK,59,191,32,47,12,2,5,33,37,54,4,0,.246,.387,.408,.795,2020
6,Franmil Reyes,CLE,59,211,27,58,10,0,9,34,24,69,0,0,.275,.344,.450,.794,2020
7,Miguel Cabrera,DET,57,204,28,51,4,0,10,35,24,51,1,0,.250,.329,.417,.746,2020
8,J.D. Martinez,BOS,54,211,22,45,16,0,7,27,22,59,1,0,.213,.291,.389,.680,2020
0,Shohei Ohtani,LAA,158,537,103,138,26,8,46,100,96,189,26,10,.257,.372,.592,.964,2021
1,Yordan Alvarez,HOU,144,537,92,149,35,1,33,104,50,145,1,0,.277,.346,.531,.877,2021
2,Giancarlo Stanton,NYY,139,510,64,139,19,0,35,97,63,157,0,0,.273,.354,.516,.870,2021
3,J.D. Martinez,BOS,148,570,92,163,42,3,28,99,55,150,0,0,.286,.349,.518,.867,2021
4,Nelson Cruz,TB,140,513,79,136,21,1,32,86,51,126,3,0,.265,.334,.497,.831,2021
5,Miguel Cabrera,DET,130,472,48,121,16,0,15,75,40,118,0,0,.256,.316,.386,.702,2021
0,Yordan Alvarez,HOU,135,470,95,144,29,2,37,97,78,106,1,1,.306,.406,.613,1.019,2022
1,Shohei Ohtani,LAA,157,586,90,160,30,6,34,95,72,161,11,9,.273,.356,.519,.875,2022
2,J.D. Martinez,BOS,139,533,76,146,43,1,16,62,52,145,0,0,.274,.341,.448,.789,2022
3,Josh Bell,SD,156,552,78,147,29,3,17,71,81,102,0,1,.266,.362,.422,.784,2022
4,Charlie Blackmon,COL,135,530,60,140,22,6,16,78,32,109,4,1,.264,.314,.419,.733,2022
5,Trey Mancini,HOU,143,519,56,124,23,1,18,63,53,135,0,0,.239,.319,.391,.710,2022
6,Luke Voit,WSH,135,500,55,113,22,0,22,69,55,179,1,1,.226,.308,.402,.710,2022
7,Andrew McCutchen,MIL,134,515,66,122,25,0,17,69,57,124,8,6,.237,.316,.384,.700,2022
8,Carlos Santana,SEA,131,431,52,87,18,0,19,60,71,88,0,0,.202,.316,.376,.692,2022
9,Marcell Ozuna,ATL,124,470,56,106,19,0,23,56,31,122,2,1,.226,.274,.413,.687,2022
10,Jesús Aguilar,BAL,129,464,39,109,19,0,16,51,28,119,1,0,.235,.281,.379,.660,2022
11,Nelson Cruz,WSH,124,448,50,105,16,0,10,64,49,119,4,0,.234,.313,.337,.650,2022
0,Shohei Ohtani,LAA,135,497,102,151,26,8,44,95,91,143,20,6,.304,.412,.654,1.066,2023
1,Marcell Ozuna,ATL,144,530,84,145,29,1,40,100,57,134,0,0,.274,.346,.558,.904,2023
2,Bryce Harper,PHI,126,457,84,134,29,1,21,72,80,119,11,3,.293,.401,.499,.900,2023
3,Jorge Soler,MIA,137,504,77,126,24,0,36,75,66,141,1,0,.250,.341,.512,.853,2023
4,Brent Rooker,OAK,137,463,61,114,20,1,30,69,49,172,4,0,.246,.329,.488,.817,2023
5,Justin Turner,BOS,146,558,86,154,31,0,23,96,51,110,4,1,.276,.345,.455,.800,2023
6,Mark Canha,MIL,139,435,51,114,25,1,11,62,49,79,11,1,.262,.355,.400,.755,2023
7,Joey Meneses,WSH,154,611,71,168,36,1,13,89,38,130,0,0,.275,.321,.401,.722,2023
8,Hunter Renfroe,CIN,140,498,60,116,31,0,20,60,44,125,0,0,.233,.297,.416,.713,2023
0,Shohei Ohtani,LAD,104,407,82,128,28,4,32,76,60,107,27,4,.314,.404,.639,1.043,2024
1,Marcell Ozuna,ATL,105,389,66,119,20,0,31,83,48,104,0,0,.306,.384,.596,.980,2024
2,Brent Rooker,OAK,93,341,52,101,20,2,25,75,39,118,7,1,.296,.370,.587,.957,2024
3,Yordan Alvarez,HOU,101,378,58,113,25,2,20,55,45,68,5,0,.299,.382,.534,.916,2024
4,Kyle Schwarber,PHI,95,356,69,88,11,0,22,63,74,120,4,2,.247,.376,.463,.839,2024
5,Jorge Soler,SF,93,341,57,82,23,1,12,40,44,97,1,0,.240,.330,.419,.749,2024
6,Justin Turner,TOR,90,300,37,77,17,0,6,31,39,60,0,2,.257,.351,.373,.724,2024
7,Andrew McCutchen,PIT,90,339,53,76,13,1,13,28,46,101,3,2,.224,.326,.383,.709,2024
8,Mitch Garver,SEA,87,288,32,50,14,0,12,38,44,106,0,0,.174,.291,.347,.638,2024
